{
  "2": [
    0.5543478260869565,
    0.5978260869565217,
    0.6304347826086957,
    0.6304347826086957,
    0.6195652173913043,
    0.6086956521739131,
    0.6195652173913043,
    0.6739130434782609,
    0.6847826086956522,
    0.717391304347826
  ],
  "3": [
    0.6630434782608695,
    0.717391304347826,
    0.7065217391304348,
    0.6956521739130435,
    0.7065217391304348,
    0.6956521739130435,
    0.7282608695652174,
    0.7717391304347826,
    0.8152173913043478,
    0.8478260869565217
  ],
  "4": [
    0.7391304347826086,
    0.7934782608695652,
    0.782608695652174,
    0.8043478260869565,
    0.8152173913043478,
    0.8369565217391305,
    0.8478260869565217,
    0.9021739130434783,
    0.9130434782608695,
    0.9130434782608695
  ]
}