{
  "eps=1.0_eta=0.25": [
    0.4782608695652174,
    0.532608695652174,
    0.7717391304347826,
    0.6630434782608695,
    0.7934782608695652,
    0.7391304347826086,
    0.5217391304347826,
    0.5217391304347826,
    0.5217391304347826,
    0.5217391304347826
  ],
  "eps=1.0_eta=0.5": [
    0.6195652173913043,
    0.5869565217391305,
    0.6630434782608695,
    0.6521739130434783,
    0.6086956521739131,
    0.5434782608695652,
    0.5978260869565217,
    0.5869565217391305,
    0.6739130434782609,
    0.5978260869565217
  ],
  "eps=1.0_eta=0.7": [
    0.6956521739130435,
    0.7391304347826086,
    0.6086956521739131,
    0.8260869565217391,
    0.75,
    0.6956521739130435,
    0.6304347826086957,
    0.4782608695652174,
    0.6086956521739131,
    0.7934782608695652
  ],
  "eps=1.0_eta=0.9": [
    0.5217391304347826,
    0.8369565217391305,
    0.782608695652174,
    0.8586956521739131,
    0.7065217391304348,
    0.6847826086956522,
    0.6630434782608695,
    0.6413043478260869,
    0.6195652173913043,
    0.6413043478260869
  ],
  "eps=1.0_eta=1.0": [
    0.6304347826086957,
    0.7934782608695652,
    0.8043478260869565,
    0.782608695652174,
    0.6630434782608695,
    0.8043478260869565,
    0.5,
    0.5434782608695652,
    0.7717391304347826,
    0.4673913043478261
  ],
  "eps=2.0_eta=0.25": [
    0.43478260869565216,
    0.5869565217391305,
    0.717391304347826,
    0.5217391304347826,
    0.5217391304347826,
    0.5217391304347826,
    0.5217391304347826,
    0.5217391304347826,
    0.5217391304347826,
    0.5217391304347826
  ],
  "eps=2.0_eta=0.5": [
    0.6956521739130435,
    0.6521739130434783,
    0.5760869565217391,
    0.75,
    0.7608695652173914,
    0.7717391304347826,
    0.5217391304347826,
    0.5217391304347826,
    0.5217391304347826,
    0.5217391304347826
  ],
  "eps=2.0_eta=0.7": [
    0.3695652173913043,
    0.75,
    0.5108695652173914,
    0.5869565217391305,
    0.717391304347826,
    0.8369565217391305,
    0.7391304347826086,
    0.717391304347826,
    0.6195652173913043,
    0.6521739130434783
  ],
  "eps=2.0_eta=0.9": [
    0.3804347826086957,
    0.6739130434782609,
    0.6521739130434783,
    0.8369565217391305,
    0.8260869565217391,
    0.7717391304347826,
    0.6521739130434783,
    0.5978260869565217,
    0.8695652173913043,
    0.6630434782608695
  ],
  "eps=2.0_eta=1.0": [
    0.45652173913043476,
    0.7717391304347826,
    0.8043478260869565,
    0.6847826086956522,
    0.6739130434782609,
    0.782608695652174,
    0.5108695652173914,
    0.5217391304347826,
    0.5869565217391305,
    0.7282608695652174
  ]
}