{
  "eps=6.0_mode=adaptive": [
    0.782608695652174,
    0.9021739130434783,
    0.8804347826086957,
    0.8043478260869565,
    0.717391304347826,
    0.7934782608695652,
    0.9782608695652174,
    0.8913043478260869,
    0.8478260869565217,
    0.9021739130434783
  ],
  "eps=6.0_mode=fixed": [
    0.9347826086956522,
    0.9347826086956522,
    0.9347826086956522,
    0.9347826086956522,
    0.9130434782608695,
    0.9891304347826086,
    0.9456521739130435,
    0.9891304347826086,
    0.9347826086956522,
    0.9130434782608695
  ],
  "eps=10.0_mode=adaptive": [
    0.782608695652174,
    0.8369565217391305,
    0.9239130434782609,
    0.9347826086956522,
    0.9565217391304348,
    0.9782608695652174,
    1.0,
    0.967391304347826,
    0.9782608695652174,
    0.967391304347826
  ],
  "eps=10.0_mode=fixed": [
    1.0,
    1.0,
    1.0,
    1.0,
    1.0,
    1.0,
    1.0,
    1.0,
    1.0,
    1.0
  ]
}