{
  "eps=7.0_mode=adaptive": [
    0.6413043478260869,
    0.782608695652174,
    0.8586956521739131,
    0.8804347826086957,
    0.9130434782608695,
    0.967391304347826,
    0.9347826086956522,
    0.9130434782608695,
    0.8478260869565217,
    0.7934782608695652
  ],
  "eps=7.0_mode=duchi": [
    0.8913043478260869,
    0.8586956521739131,
    0.9239130434782609,
    0.9021739130434783,
    0.9347826086956522,
    0.9239130434782609,
    0.8913043478260869,
    0.8913043478260869,
    0.8913043478260869,
    0.8260869565217391
  ],
  "eps=8.0_mode=adaptive": [
    0.7608695652173914,
    0.8478260869565217,
    0.9021739130434783,
    0.9021739130434783,
    0.9021739130434783,
    0.9021739130434783,
    0.8804347826086957,
    0.8913043478260869,
    0.8913043478260869,
    0.9130434782608695
  ],
  "eps=8.0_mode=duchi": [
    0.8804347826086957,
    0.8260869565217391,
    0.9130434782608695,
    0.9021739130434783,
    0.8586956521739131,
    0.8804347826086957,
    0.75,
    0.7282608695652174,
    0.6956521739130435,
    0.717391304347826
  ]
}